id,cast_name,title,release_date,budget,revenue,return
862,Tom Hanks,Toy Story,1995-10-30,30000000.0,373554033.0,12.4518011
862,Tim Allen,Toy Story,1995-10-30,30000000.0,373554033.0,12.4518011
862,Don Rickles,Toy Story,1995-10-30,30000000.0,373554033.0,12.4518011
862,Jim Varney,Toy Story,1995-10-30,30000000.0,373554033.0,12.4518011
862,Wallace Shawn,Toy Story,1995-10-30,30000000.0,373554033.0,12.4518011
862,John Ratzenberger,Toy Story,1995-10-30,30000000.0,373554033.0,12.4518011
862,Annie Potts,Toy Story,1995-10-30,30000000.0,373554033.0,12.4518011
862,John Morris,Toy Story,1995-10-30,30000000.0,373554033.0,12.4518011
862,Erik von Detten,Toy Story,1995-10-30,30000000.0,373554033.0,12.4518011
862,Laurie Metcalf,Toy Story,1995-10-30,30000000.0,373554033.0,12.4518011
862,R. Lee Ermey,Toy Story,1995-10-30,30000000.0,373554033.0,12.4518011
862,Sarah Freeman,Toy Story,1995-10-30,30000000.0,373554033.0,12.4518011
862,Penn Jillette,Toy Story,1995-10-30,30000000.0,373554033.0,12.4518011
8844,Robin Williams,Jumanji,1995-12-15,65000000.0,262797249.0,4.0430346
8844,Jonathan Hyde,Jumanji,1995-12-15,65000000.0,262797249.0,4.0430346
8844,Kirsten Dunst,Jumanji,1995-12-15,65000000.0,262797249.0,4.0430346
8844,Bradley Pierce,Jumanji,1995-12-15,65000000.0,262797249.0,4.0430346
8844,Bonnie Hunt,Jumanji,1995-12-15,65000000.0,262797249.0,4.0430346
8844,Bebe Neuwirth,Jumanji,1995-12-15,65000000.0,262797249.0,4.0430346
8844,David Alan Grier,Jumanji,1995-12-15,65000000.0,262797249.0,4.0430346
8844,Patricia Clarkson,Jumanji,1995-12-15,65000000.0,262797249.0,4.0430346
8844,Adam Hann-Byrd,Jumanji,1995-12-15,65000000.0,262797249.0,4.0430346
8844,Laura Bell Bundy,Jumanji,1995-12-15,65000000.0,262797249.0,4.0430346
8844,James Handy,Jumanji,1995-12-15,65000000.0,262797249.0,4.0430346
8844,Gillian Barber,Jumanji,1995-12-15,65000000.0,262797249.0,4.0430346
8844,Brandon Obray,Jumanji,1995-12-15,65000000.0,262797249.0,4.0430346
8844,Cyrus Thiedeke,Jumanji,1995-12-15,65000000.0,262797249.0,4.0430346
8844,Gary Joseph Thorup,Jumanji,1995-12-15,65000000.0,262797249.0,4.0430346
8844,Leonard Zola,Jumanji,1995-12-15,65000000.0,262797249.0,4.0430346
8844,Lloyd Berry,Jumanji,1995-12-15,65000000.0,262797249.0,4.0430346
8844,Malcolm Stewart,Jumanji,1995-12-15,65000000.0,262797249.0,4.0430346
8844,Annabel Kershaw,Jumanji,1995-12-15,65000000.0,262797249.0,4.0430346
8844,Darryl Henriques,Jumanji,1995-12-15,65000000.0,262797249.0,4.0430346
8844,Robyn Driscoll,Jumanji,1995-12-15,65000000.0,262797249.0,4.0430346
8844,Peter Bryant,Jumanji,1995-12-15,65000000.0,262797249.0,4.0430346
8844,Sarah Gilson,Jumanji,1995-12-15,65000000.0,262797249.0,4.0430346
8844,Florica Vlad,Jumanji,1995-12-15,65000000.0,262797249.0,4.0430346
8844,June Lion,Jumanji,1995-12-15,65000000.0,262797249.0,4.0430346
8844,Brenda Lockmuller,Jumanji,1995-12-15,65000000.0,262797249.0,4.0430346
15602,Walter Matthau,Grumpier Old Men,1995-12-22,0.0,0.0,0.0
15602,Jack Lemmon,Grumpier Old Men,1995-12-22,0.0,0.0,0.0
15602,Ann-Margret,Grumpier Old Men,1995-12-22,0.0,0.0,0.0
15602,Sophia Loren,Grumpier Old Men,1995-12-22,0.0,0.0,0.0
15602,Daryl Hannah,Grumpier Old Men,1995-12-22,0.0,0.0,0.0
15602,Burgess Meredith,Grumpier Old Men,1995-12-22,0.0,0.0,0.0
15602,Kevin Pollak,Grumpier Old Men,1995-12-22,0.0,0.0,0.0
31357,Whitney Houston,Waiting to Exhale,1995-12-22,16000000.0,81452156.0,5.09075975
31357,Angela Bassett,Waiting to Exhale,1995-12-22,16000000.0,81452156.0,5.09075975
31357,Loretta Devine,Waiting to Exhale,1995-12-22,16000000.0,81452156.0,5.09075975
31357,Lela Rochon,Waiting to Exhale,1995-12-22,16000000.0,81452156.0,5.09075975
31357,Gregory Hines,Waiting to Exhale,1995-12-22,16000000.0,81452156.0,5.09075975
31357,Dennis Haysbert,Waiting to Exhale,1995-12-22,16000000.0,81452156.0,5.09075975
31357,Michael Beach,Waiting to Exhale,1995-12-22,16000000.0,81452156.0,5.09075975
31357,Mykelti Williamson,Waiting to Exhale,1995-12-22,16000000.0,81452156.0,5.09075975
31357,Lamont Johnson,Waiting to Exhale,1995-12-22,16000000.0,81452156.0,5.09075975
31357,Wesley Snipes,Waiting to Exhale,1995-12-22,16000000.0,81452156.0,5.09075975
11862,Steve Martin,,,,,
11862,Diane Keaton,,,,,
11862,Martin Short,,,,,
11862,Kimberly Williams-Paisley,,,,,
11862,George Newbern,,,,,
11862,Kieran Culkin,,,,,
11862,BD Wong,,,,,
11862,Peter Michael Goetz,,,,,
11862,Kate McGregor-Stewart,,,,,
11862,Jane Adams,,,,,
11862,Eugene Levy,,,,,
11862,Lori Alan,,,,,
949,Al Pacino,Heat,1995-12-15,60000000.0,187436818.0,3.123946966666667
949,Robert De Niro,Heat,1995-12-15,60000000.0,187436818.0,3.123946966666667
949,Val Kilmer,Heat,1995-12-15,60000000.0,187436818.0,3.123946966666667
949,Jon Voight,Heat,1995-12-15,60000000.0,187436818.0,3.123946966666667
949,Tom Sizemore,Heat,1995-12-15,60000000.0,187436818.0,3.123946966666667
949,Diane Venora,Heat,1995-12-15,60000000.0,187436818.0,3.123946966666667
949,Amy Brenneman,Heat,1995-12-15,60000000.0,187436818.0,3.123946966666667
949,Ashley Judd,Heat,1995-12-15,60000000.0,187436818.0,3.123946966666667
949,Mykelti Williamson,Heat,1995-12-15,60000000.0,187436818.0,3.123946966666667
949,Natalie Portman,Heat,1995-12-15,60000000.0,187436818.0,3.123946966666667
949,Ted Levine,Heat,1995-12-15,60000000.0,187436818.0,3.123946966666667
949,Tom Noonan,Heat,1995-12-15,60000000.0,187436818.0,3.123946966666667
949,Tone Loc,Heat,1995-12-15,60000000.0,187436818.0,3.123946966666667
949,Hank Azaria,Heat,1995-12-15,60000000.0,187436818.0,3.123946966666667
949,Wes Studi,Heat,1995-12-15,60000000.0,187436818.0,3.123946966666667
949,Dennis Haysbert,Heat,1995-12-15,60000000.0,187436818.0,3.123946966666667
949,Danny Trejo,Heat,1995-12-15,60000000.0,187436818.0,3.123946966666667
949,Henry Rollins,Heat,1995-12-15,60000000.0,187436818.0,3.123946966666667
949,William Fichtner,Heat,1995-12-15,60000000.0,187436818.0,3.123946966666667
949,Kevin Gage,Heat,1995-12-15,60000000.0,187436818.0,3.123946966666667
949,Susan Traylor,Heat,1995-12-15,60000000.0,187436818.0,3.123946966666667
949,Jerry Trimble,Heat,1995-12-15,60000000.0,187436818.0,3.123946966666667
949,Ricky Harris,Heat,1995-12-15,60000000.0,187436818.0,3.123946966666667
949,Jeremy Piven,Heat,1995-12-15,60000000.0,187436818.0,3.123946966666667
949,Xander Berkeley,Heat,1995-12-15,60000000.0,187436818.0,3.123946966666667
949,Begonya Plaza,Heat,1995-12-15,60000000.0,187436818.0,3.123946966666667
949,Rick Avery,Heat,1995-12-15,60000000.0,187436818.0,3.123946966666667
949,Hazelle Goodman,Heat,1995-12-15,60000000.0,187436818.0,3.123946966666667
949,Ray Buktenica,Heat,1995-12-15,60000000.0,187436818.0,3.123946966666667
949,Max Daniels,Heat,1995-12-15,60000000.0,187436818.0,3.123946966666667
949,Vince Deadrick Jr.,Heat,1995-12-15,60000000.0,187436818.0,3.123946966666667
949,Steven Ford,Heat,1995-12-15,60000000.0,187436818.0,3.123946966666667
949,Farrah Forke,Heat,1995-12-15,60000000.0,187436818.0,3.123946966666667
949,Patricia Healy,Heat,1995-12-15,60000000.0,187436818.0,3.123946966666667
949,Paul Herman,Heat,1995-12-15,60000000.0,187436818.0,3.123946966666667
949,Cindy Katz,Heat,1995-12-15,60000000.0,187436818.0,3.123946966666667
949,Brian Libby,Heat,1995-12-15,60000000.0,187436818.0,3.123946966666667
949,Dan Martin,Heat,1995-12-15,60000000.0,187436818.0,3.123946966666667
949,Mario Roberts,Heat,1995-12-15,60000000.0,187436818.0,3.123946966666667
949,"Thomas Rosales, Jr.",Heat,1995-12-15,60000000.0,187436818.0,3.123946966666667
949,Yvonne Zima,Heat,1995-12-15,60000000.0,187436818.0,3.123946966666667
949,Mick Gould,Heat,1995-12-15,60000000.0,187436818.0,3.123946966666667
949,Bud Cort,Heat,1995-12-15,60000000.0,187436818.0,3.123946966666667
949,Viviane Vives,Heat,1995-12-15,60000000.0,187436818.0,3.123946966666667
949,Kim Staunton,Heat,1995-12-15,60000000.0,187436818.0,3.123946966666667
949,Martin Ferrero,Heat,1995-12-15,60000000.0,187436818.0,3.123946966666667
949,Brad Baldridge,Heat,1995-12-15,60000000.0,187436818.0,3.123946966666667
949,Andrew Camuccio,Heat,1995-12-15,60000000.0,187436818.0,3.123946966666667
949,Kenny Endoso,Heat,1995-12-15,60000000.0,187436818.0,3.123946966666667
949,Kimberly Flynn,Heat,1995-12-15,60000000.0,187436818.0,3.123946966666667
949,Niki Harris,Heat,1995-12-15,60000000.0,187436818.0,3.123946966666667
949,Bill McIntosh,Heat,1995-12-15,60000000.0,187436818.0,3.123946966666667
949,Rick Marzan,Heat,1995-12-15,60000000.0,187436818.0,3.123946966666667
949,Terry Miller,Heat,1995-12-15,60000000.0,187436818.0,3.123946966666667
949,Daniel O'Haco,Heat,1995-12-15,60000000.0,187436818.0,3.123946966666667
949,Kai Soremekun,Heat,1995-12-15,60000000.0,187436818.0,3.123946966666667
949,Peter Blackwell,Heat,1995-12-15,60000000.0,187436818.0,3.123946966666667
949,Trevor Coppola,Heat,1995-12-15,60000000.0,187436818.0,3.123946966666667
949,Mary Kircher,Heat,1995-12-15,60000000.0,187436818.0,3.123946966666667
949,Darin Mangan,Heat,1995-12-15,60000000.0,187436818.0,3.123946966666667
949,Robert Miranda,Heat,1995-12-15,60000000.0,187436818.0,3.123946966666667
949,Manny Perry,Heat,1995-12-15,60000000.0,187436818.0,3.123946966666667
949,Iva Franks Singer,Heat,1995-12-15,60000000.0,187436818.0,3.123946966666667
949,Tim Werner,Heat,1995-12-15,60000000.0,187436818.0,3.123946966666667
949,Philip Ettington,Heat,1995-12-15,60000000.0,187436818.0,3.123946966666667
11860,Harrison Ford,Sabrina,1995-12-15,58000000.0,0.0,0.0
11860,Julia Ormond,Sabrina,1995-12-15,58000000.0,0.0,0.0
11860,Greg Kinnear,Sabrina,1995-12-15,58000000.0,0.0,0.0
11860,Angie Dickinson,Sabrina,1995-12-15,58000000.0,0.0,0.0
11860,Nancy Marchand,Sabrina,1995-12-15,58000000.0,0.0,0.0
11860,John Wood,Sabrina,1995-12-15,58000000.0,0.0,0.0
11860,Richard Crenna,Sabrina,1995-12-15,58000000.0,0.0,0.0
11860,Lauren Holly,Sabrina,1995-12-15,58000000.0,0.0,0.0
11860,Dana Ivey,Sabrina,1995-12-15,58000000.0,0.0,0.0
11860,Fanny Ardant,Sabrina,1995-12-15,58000000.0,0.0,0.0
11860,Patrick Bruel,Sabrina,1995-12-15,58000000.0,0.0,0.0
11860,Paul Giamatti,Sabrina,1995-12-15,58000000.0,0.0,0.0
11860,Miriam Colón,Sabrina,1995-12-15,58000000.0,0.0,0.0
11860,Elizabeth Franz,Sabrina,1995-12-15,58000000.0,0.0,0.0
11860,Valérie Lemercier,Sabrina,1995-12-15,58000000.0,0.0,0.0
11860,Becky Ann Baker,Sabrina,1995-12-15,58000000.0,0.0,0.0
11860,John C. Vennema,Sabrina,1995-12-15,58000000.0,0.0,0.0
11860,Margo Martindale,Sabrina,1995-12-15,58000000.0,0.0,0.0
11860,J. Smith-Cameron,Sabrina,1995-12-15,58000000.0,0.0,0.0
11860,Christine Luneau-Lipton,Sabrina,1995-12-15,58000000.0,0.0,0.0
11860,Michael Dees,Sabrina,1995-12-15,58000000.0,0.0,0.0
11860,Denis Holmes,Sabrina,1995-12-15,58000000.0,0.0,0.0
11860,Jo-Jo Lowe,Sabrina,1995-12-15,58000000.0,0.0,0.0
11860,Ira Wheeler,Sabrina,1995-12-15,58000000.0,0.0,0.0
11860,Philippa Cooper,Sabrina,1995-12-15,58000000.0,0.0,0.0
11860,Ayako Kawahara,Sabrina,1995-12-15,58000000.0,0.0,0.0
11860,François Genty,Sabrina,1995-12-15,58000000.0,0.0,0.0
11860,Guillaume Gallienne,Sabrina,1995-12-15,58000000.0,0.0,0.0
11860,Inés Sastre,Sabrina,1995-12-15,58000000.0,0.0,0.0
11860,Phina Oruche,Sabrina,1995-12-15,58000000.0,0.0,0.0
11860,Andrea Behalikova,Sabrina,1995-12-15,58000000.0,0.0,0.0
11860,Jennifer Herrera,Sabrina,1995-12-15,58000000.0,0.0,0.0
11860,Kristina Kumlin,Sabrina,1995-12-15,58000000.0,0.0,0.0
11860,Eva Linderholm,Sabrina,1995-12-15,58000000.0,0.0,0.0
11860,Carmen Chaplin,Sabrina,1995-12-15,58000000.0,0.0,0.0
11860,Micheline Van de Velde,Sabrina,1995-12-15,58000000.0,0.0,0.0
11860,Joanna Rhodes,Sabrina,1995-12-15,58000000.0,0.0,0.0
11860,Alan Boone,Sabrina,1995-12-15,58000000.0,0.0,0.0
11860,Patrick Forster-Delmas,Sabrina,1995-12-15,58000000.0,0.0,0.0
11860,Kentaro Matsuo,Sabrina,1995-12-15,58000000.0,0.0,0.0
11860,Peter McKernan,Sabrina,1995-12-15,58000000.0,0.0,0.0
11860,Ed Connelly,Sabrina,1995-12-15,58000000.0,0.0,0.0
11860,Ronald L. Schwary,Sabrina,1995-12-15,58000000.0,0.0,0.0
11860,Alvin Lum,Sabrina,1995-12-15,58000000.0,0.0,0.0
11860,Siching Song,Sabrina,1995-12-15,58000000.0,0.0,0.0
11860,Phil Nee,Sabrina,1995-12-15,58000000.0,0.0,0.0
11860,Randy Becker,Sabrina,1995-12-15,58000000.0,0.0,0.0
11860,Susan Browning,Sabrina,1995-12-15,58000000.0,0.0,0.0
11860,Anthony Mondal,Sabrina,1995-12-15,58000000.0,0.0,0.0
11860,Peter Parks,Sabrina,1995-12-15,58000000.0,0.0,0.0
11860,Woodrow Asai,Sabrina,1995-12-15,58000000.0,0.0,0.0
11860,Eric Bruno Borgman,Sabrina,1995-12-15,58000000.0,0.0,0.0
11860,Michael Cline,Sabrina,1995-12-15,58000000.0,0.0,0.0
11860,Christopher Del Gaudio,Sabrina,1995-12-15,58000000.0,0.0,0.0
11860,Philippe Hartmann,Sabrina,1995-12-15,58000000.0,0.0,0.0
11860,Jerry Quinn,Sabrina,1995-12-15,58000000.0,0.0,0.0
11860,Dori Rosenthal,Sabrina,1995-12-15,58000000.0,0.0,0.0
45325,Jonathan Taylor Thomas,Tom and Huck,1995-12-22,0.0,0.0,0.0
45325,Brad Renfro,Tom and Huck,1995-12-22,0.0,0.0,0.0
45325,Rachael Leigh Cook,Tom and Huck,1995-12-22,0.0,0.0,0.0
45325,Michael McShane,Tom and Huck,1995-12-22,0.0,0.0,0.0
45325,Amy Wright,Tom and Huck,1995-12-22,0.0,0.0,0.0
45325,Eric Schweig,Tom and Huck,1995-12-22,0.0,0.0,0.0
45325,Tamara Mello,Tom and Huck,1995-12-22,0.0,0.0,0.0
9091,Jean-Claude Van Damme,Sudden Death,1995-12-22,35000000.0,64350171.0,1.8385763142857143
9091,Powers Boothe,Sudden Death,1995-12-22,35000000.0,64350171.0,1.8385763142857143
9091,Dorian Harewood,Sudden Death,1995-12-22,35000000.0,64350171.0,1.8385763142857143
9091,Raymond J. Barry,Sudden Death,1995-12-22,35000000.0,64350171.0,1.8385763142857143
9091,Ross Malinger,Sudden Death,1995-12-22,35000000.0,64350171.0,1.8385763142857143
9091,Whittni Wright,Sudden Death,1995-12-22,35000000.0,64350171.0,1.8385763142857143
710,Pierce Brosnan,GoldenEye,1995-11-16,58000000.0,352194034.0,6.072310931034483
710,Sean Bean,GoldenEye,1995-11-16,58000000.0,352194034.0,6.072310931034483
710,Izabella Scorupco,GoldenEye,1995-11-16,58000000.0,352194034.0,6.072310931034483
710,Famke Janssen,GoldenEye,1995-11-16,58000000.0,352194034.0,6.072310931034483
710,Joe Don Baker,GoldenEye,1995-11-16,58000000.0,352194034.0,6.072310931034483
710,Judi Dench,GoldenEye,1995-11-16,58000000.0,352194034.0,6.072310931034483
710,Gottfried John,GoldenEye,1995-11-16,58000000.0,352194034.0,6.072310931034483
710,Robbie Coltrane,GoldenEye,1995-11-16,58000000.0,352194034.0,6.072310931034483
710,Alan Cumming,GoldenEye,1995-11-16,58000000.0,352194034.0,6.072310931034483
710,Tchéky Karyo,GoldenEye,1995-11-16,58000000.0,352194034.0,6.072310931034483
710,Desmond Llewelyn,GoldenEye,1995-11-16,58000000.0,352194034.0,6.072310931034483
710,Samantha Bond,GoldenEye,1995-11-16,58000000.0,352194034.0,6.072310931034483
710,Michael Kitchen,GoldenEye,1995-11-16,58000000.0,352194034.0,6.072310931034483
710,Serena Gordon,GoldenEye,1995-11-16,58000000.0,352194034.0,6.072310931034483
710,Simon Kunz,GoldenEye,1995-11-16,58000000.0,352194034.0,6.072310931034483
710,Billy J. Mitchell,GoldenEye,1995-11-16,58000000.0,352194034.0,6.072310931034483
710,Constantine Gregory,GoldenEye,1995-11-16,58000000.0,352194034.0,6.072310931034483
710,Minnie Driver,GoldenEye,1995-11-16,58000000.0,352194034.0,6.072310931034483
710,Michelle Arthur,GoldenEye,1995-11-16,58000000.0,352194034.0,6.072310931034483
710,Ravil Isyanov,GoldenEye,1995-11-16,58000000.0,352194034.0,6.072310931034483
9087,Michael Douglas,The American President,1995-11-17,62000000.0,107879496.0,1.739991870967742
9087,Annette Bening,The American President,1995-11-17,62000000.0,107879496.0,1.739991870967742
9087,Michael J. Fox,The American President,1995-11-17,62000000.0,107879496.0,1.739991870967742
9087,Martin Sheen,The American President,1995-11-17,62000000.0,107879496.0,1.739991870967742
9087,Anna Deavere Smith,The American President,1995-11-17,62000000.0,107879496.0,1.739991870967742
9087,Shawna Waldron,The American President,1995-11-17,62000000.0,107879496.0,1.739991870967742
9087,Samantha Mathis,The American President,1995-11-17,62000000.0,107879496.0,1.739991870967742
9087,David Paymer,The American President,1995-11-17,62000000.0,107879496.0,1.739991870967742
9087,Richard Dreyfuss,The American President,1995-11-17,62000000.0,107879496.0,1.739991870967742
9087,Nina Siemaszko,The American President,1995-11-17,62000000.0,107879496.0,1.739991870967742
9087,Wendie Malick,The American President,1995-11-17,62000000.0,107879496.0,1.739991870967742
9087,Beau Billingslea,The American President,1995-11-17,62000000.0,107879496.0,1.739991870967742
9087,Gail Strickland,The American President,1995-11-17,62000000.0,107879496.0,1.739991870967742
9087,Joshua Malina,The American President,1995-11-17,62000000.0,107879496.0,1.739991870967742
9087,Clement von Franckenstein,The American President,1995-11-17,62000000.0,107879496.0,1.739991870967742
9087,John Mahoney,The American President,1995-11-17,62000000.0,107879496.0,1.739991870967742
9087,John Mahon,The American President,1995-11-17,62000000.0,107879496.0,1.739991870967742
9087,Gabriel Jarret,The American President,1995-11-17,62000000.0,107879496.0,1.739991870967742
12110,Leslie Nielsen,Dracula: Dead and Loving It,1995-12-22,0.0,0.0,0.0
12110,Mel Brooks,Dracula: Dead and Loving It,1995-12-22,0.0,0.0,0.0
12110,Amy Yasbeck,Dracula: Dead and Loving It,1995-12-22,0.0,0.0,0.0
12110,Peter MacNicol,Dracula: Dead and Loving It,1995-12-22,0.0,0.0,0.0
12110,Lysette Anthony,Dracula: Dead and Loving It,1995-12-22,0.0,0.0,0.0
12110,Harvey Korman,Dracula: Dead and Loving It,1995-12-22,0.0,0.0,0.0
12110,Steven Weber,Dracula: Dead and Loving It,1995-12-22,0.0,0.0,0.0
12110,Mark Blankfield,Dracula: Dead and Loving It,1995-12-22,0.0,0.0,0.0
12110,Megan Cavanagh,Dracula: Dead and Loving It,1995-12-22,0.0,0.0,0.0
12110,Gregg Binkley,Dracula: Dead and Loving It,1995-12-22,0.0,0.0,0.0
12110,Anne Bancroft,Dracula: Dead and Loving It,1995-12-22,0.0,0.0,0.0
21032,Kevin Bacon,Balto,1995-12-22,0.0,11348324.0,inf
21032,Bob Hoskins,Balto,1995-12-22,0.0,11348324.0,inf
21032,Bridget Fonda,Balto,1995-12-22,0.0,11348324.0,inf
21032,Jim Cummings,Balto,1995-12-22,0.0,11348324.0,inf
21032,Phil Collins,Balto,1995-12-22,0.0,11348324.0,inf
21032,Juliette Brewer,Balto,1995-12-22,0.0,11348324.0,inf
21032,Jack Angel,Balto,1995-12-22,0.0,11348324.0,inf
21032,Danny Mann,Balto,1995-12-22,0.0,11348324.0,inf
21032,Robbie Rist,Balto,1995-12-22,0.0,11348324.0,inf
21032,Sandra Dickinson,Balto,1995-12-22,0.0,11348324.0,inf
21032,Frank Welker,Balto,1995-12-22,0.0,11348324.0,inf
21032,Miriam Margolyes,Balto,1995-12-22,0.0,11348324.0,inf
21032,Lola Bates-Campbell,Balto,1995-12-22,0.0,11348324.0,inf
10858,Anthony Hopkins,Nixon,1995-12-22,44000000.0,13681765.0,0.31094920454545455
10858,Joan Allen,Nixon,1995-12-22,44000000.0,13681765.0,0.31094920454545455
10858,Powers Boothe,Nixon,1995-12-22,44000000.0,13681765.0,0.31094920454545455
10858,Ed Harris,Nixon,1995-12-22,44000000.0,13681765.0,0.31094920454545455
10858,Bob Hoskins,Nixon,1995-12-22,44000000.0,13681765.0,0.31094920454545455
10858,E.G. Marshall,Nixon,1995-12-22,44000000.0,13681765.0,0.31094920454545455
10858,David Paymer,Nixon,1995-12-22,44000000.0,13681765.0,0.31094920454545455
10858,David Hyde Pierce,Nixon,1995-12-22,44000000.0,13681765.0,0.31094920454545455
10858,Paul Sorvino,Nixon,1995-12-22,44000000.0,13681765.0,0.31094920454545455
10858,Mary Steenburgen,Nixon,1995-12-22,44000000.0,13681765.0,0.31094920454545455
10858,J.T. Walsh,Nixon,1995-12-22,44000000.0,13681765.0,0.31094920454545455
10858,James Woods,Nixon,1995-12-22,44000000.0,13681765.0,0.31094920454545455
10858,Brian Bedford,Nixon,1995-12-22,44000000.0,13681765.0,0.31094920454545455
10858,Kevin Dunn,Nixon,1995-12-22,44000000.0,13681765.0,0.31094920454545455
10858,Fyvush Finkel,Nixon,1995-12-22,44000000.0,13681765.0,0.31094920454545455
10858,Annabeth Gish,Nixon,1995-12-22,44000000.0,13681765.0,0.31094920454545455
10858,Larry Hagman,Nixon,1995-12-22,44000000.0,13681765.0,0.31094920454545455
10858,Madeline Kahn,Nixon,1995-12-22,44000000.0,13681765.0,0.31094920454545455
10858,Dan Hedaya,Nixon,1995-12-22,44000000.0,13681765.0,0.31094920454545455
10858,Bridgette Wilson,Nixon,1995-12-22,44000000.0,13681765.0,0.31094920454545455
10858,Tom Bower,Nixon,1995-12-22,44000000.0,13681765.0,0.31094920454545455
10858,Tony Goldwyn,Nixon,1995-12-22,44000000.0,13681765.0,0.31094920454545455
10858,Edward Herrmann,Nixon,1995-12-22,44000000.0,13681765.0,0.31094920454545455
10858,Tony Lo Bianco,Nixon,1995-12-22,44000000.0,13681765.0,0.31094920454545455
10858,Saul Rubinek,Nixon,1995-12-22,44000000.0,13681765.0,0.31094920454545455
10858,Robert Beltran,Nixon,1995-12-22,44000000.0,13681765.0,0.31094920454545455
10858,John Cunningham,Nixon,1995-12-22,44000000.0,13681765.0,0.31094920454545455
10858,John Diehl,Nixon,1995-12-22,44000000.0,13681765.0,0.31094920454545455
10858,John C. McGinley,Nixon,1995-12-22,44000000.0,13681765.0,0.31094920454545455
10858,Michael Chiklis,Nixon,1995-12-22,44000000.0,13681765.0,0.31094920454545455
10858,Ric Young,Nixon,1995-12-22,44000000.0,13681765.0,0.31094920454545455
10858,Boris Sichkin,Nixon,1995-12-22,44000000.0,13681765.0,0.31094920454545455
10858,Sam Waterston,Nixon,1995-12-22,44000000.0,13681765.0,0.31094920454545455
10858,Marley Shelton,Nixon,1995-12-22,44000000.0,13681765.0,0.31094920454545455
1408,Geena Davis,Cutthroat Island,1995-12-22,98000000.0,10017322.0,0.10221757142857144
1408,Matthew Modine,Cutthroat Island,1995-12-22,98000000.0,10017322.0,0.10221757142857144
1408,Frank Langella,Cutthroat Island,1995-12-22,98000000.0,10017322.0,0.10221757142857144
1408,Maury Chaykin,Cutthroat Island,1995-12-22,98000000.0,10017322.0,0.10221757142857144
1408,Patrick Malahide,Cutthroat Island,1995-12-22,98000000.0,10017322.0,0.10221757142857144
1408,Stan Shaw,Cutthroat Island,1995-12-22,98000000.0,10017322.0,0.10221757142857144
1408,Rex Linn,Cutthroat Island,1995-12-22,98000000.0,10017322.0,0.10221757142857144
1408,Paul Dillon,Cutthroat Island,1995-12-22,98000000.0,10017322.0,0.10221757142857144
1408,Christopher Masterson,Cutthroat Island,1995-12-22,98000000.0,10017322.0,0.10221757142857144
1408,Jimmie F. Skaggs,Cutthroat Island,1995-12-22,98000000.0,10017322.0,0.10221757142857144
1408,Harris Yulin,Cutthroat Island,1995-12-22,98000000.0,10017322.0,0.10221757142857144
1408,Carl Chase,Cutthroat Island,1995-12-22,98000000.0,10017322.0,0.10221757142857144
1408,Peter Geeves,Cutthroat Island,1995-12-22,98000000.0,10017322.0,0.10221757142857144
1408,Angus Wright,Cutthroat Island,1995-12-22,98000000.0,10017322.0,0.10221757142857144
1408,Ken Bones,Cutthroat Island,1995-12-22,98000000.0,10017322.0,0.10221757142857144
1408,Mary Peach,Cutthroat Island,1995-12-22,98000000.0,10017322.0,0.10221757142857144
1408,Thomas Lockyer,Cutthroat Island,1995-12-22,98000000.0,10017322.0,0.10221757142857144
1408,Roger Booth,Cutthroat Island,1995-12-22,98000000.0,10017322.0,0.10221757142857144
1408,George Murcell,Cutthroat Island,1995-12-22,98000000.0,10017322.0,0.10221757142857144
1408,Simon Atherton,Cutthroat Island,1995-12-22,98000000.0,10017322.0,0.10221757142857144
1408,Dickey Beer,Cutthroat Island,1995-12-22,98000000.0,10017322.0,0.10221757142857144
1408,Christopher Halliday,Cutthroat Island,1995-12-22,98000000.0,10017322.0,0.10221757142857144
1408,Chris Johnston,Cutthroat Island,1995-12-22,98000000.0,10017322.0,0.10221757142857144
1408,Richard Leaf,Cutthroat Island,1995-12-22,98000000.0,10017322.0,0.10221757142857144
1408,Tam White,Cutthroat Island,1995-12-22,98000000.0,10017322.0,0.10221757142857144
1408,Rupert Vansittart,Cutthroat Island,1995-12-22,98000000.0,10017322.0,0.10221757142857144
1408,Nick Bartlett,Cutthroat Island,1995-12-22,98000000.0,10017322.0,0.10221757142857144
1408,David Bailie,Cutthroat Island,1995-12-22,98000000.0,10017322.0,0.10221757142857144
1408,Kwame Kwei-Armah,Cutthroat Island,1995-12-22,98000000.0,10017322.0,0.10221757142857144
1408,Ramon Tikaram,Cutthroat Island,1995-12-22,98000000.0,10017322.0,0.10221757142857144
1408,Christopher Adamson,Cutthroat Island,1995-12-22,98000000.0,10017322.0,0.10221757142857144
524,Robert De Niro,Casino,1995-11-22,52000000.0,116112375.0,2.2329302884615383
524,Sharon Stone,Casino,1995-11-22,52000000.0,116112375.0,2.2329302884615383
524,Joe Pesci,Casino,1995-11-22,52000000.0,116112375.0,2.2329302884615383
524,James Woods,Casino,1995-11-22,52000000.0,116112375.0,2.2329302884615383
524,Don Rickles,Casino,1995-11-22,52000000.0,116112375.0,2.2329302884615383
524,Alan King,Casino,1995-11-22,52000000.0,116112375.0,2.2329302884615383
524,Kevin Pollak,Casino,1995-11-22,52000000.0,116112375.0,2.2329302884615383
524,Pasquale Cajano,Casino,1995-11-22,52000000.0,116112375.0,2.2329302884615383
524,L.Q. Jones,Casino,1995-11-22,52000000.0,116112375.0,2.2329302884615383
524,Dick Smothers,Casino,1995-11-22,52000000.0,116112375.0,2.2329302884615383
524,Frank Vincent,Casino,1995-11-22,52000000.0,116112375.0,2.2329302884615383
524,Oscar Goodman,Casino,1995-11-22,52000000.0,116112375.0,2.2329302884615383
524,Richard Riehle,Casino,1995-11-22,52000000.0,116112375.0,2.2329302884615383
524,Catherine Scorsese,Casino,1995-11-22,52000000.0,116112375.0,2.2329302884615383
524,Vinny Vella,Casino,1995-11-22,52000000.0,116112375.0,2.2329302884615383
524,Nobu Matsuhisa,Casino,1995-11-22,52000000.0,116112375.0,2.2329302884615383
524,Erika von Tagen,Casino,1995-11-22,52000000.0,116112375.0,2.2329302884615383
524,Nick Mazzola,Casino,1995-11-22,52000000.0,116112375.0,2.2329302884615383
524,David Rose,Casino,1995-11-22,52000000.0,116112375.0,2.2329302884615383
524,John Bloom,Casino,1995-11-22,52000000.0,116112375.0,2.2329302884615383
524,Joseph Rigano,Casino,1995-11-22,52000000.0,116112375.0,2.2329302884615383
524,Philip Suriano,Casino,1995-11-22,52000000.0,116112375.0,2.2329302884615383
524,Melissa Prophet,Casino,1995-11-22,52000000.0,116112375.0,2.2329302884615383
524,Bill Allison,Casino,1995-11-22,52000000.0,116112375.0,2.2329302884615383
524,Joe La Due,Casino,1995-11-22,52000000.0,116112375.0,2.2329302884615383
524,Joseph P. Reidy,Casino,1995-11-22,52000000.0,116112375.0,2.2329302884615383
524,Craig Vincent,Casino,1995-11-22,52000000.0,116112375.0,2.2329302884615383
524,Carl Ciarfalio,Casino,1995-11-22,52000000.0,116112375.0,2.2329302884615383
524,Gene Ruffini,Casino,1995-11-22,52000000.0,116112375.0,2.2329302884615383
524,Dominick Grieco,Casino,1995-11-22,52000000.0,116112375.0,2.2329302884615383
524,Clem Caserta,Casino,1995-11-22,52000000.0,116112375.0,2.2329302884615383
524,Daniel P. Conte,Casino,1995-11-22,52000000.0,116112375.0,2.2329302884615383
524,Joey DePinto,Casino,1995-11-22,52000000.0,116112375.0,2.2329302884615383
524,Jack Orend,Casino,1995-11-22,52000000.0,116112375.0,2.2329302884615383
524,Paul Herman,Casino,1995-11-22,52000000.0,116112375.0,2.2329302884615383
524,Jed Mills,Casino,1995-11-22,52000000.0,116112375.0,2.2329302884615383
524,Claudia Haro,Casino,1995-11-22,52000000.0,116112375.0,2.2329302884615383
524,Ffolliott Le Coque,Casino,1995-11-22,52000000.0,116112375.0,2.2329302884615383
524,John Manca,Casino,1995-11-22,52000000.0,116112375.0,2.2329302884615383
524,Ronald Maccone,Casino,1995-11-22,52000000.0,116112375.0,2.2329302884615383
524,Joseph Bono,Casino,1995-11-22,52000000.0,116112375.0,2.2329302884615383
524,Frank Adonis,Casino,1995-11-22,52000000.0,116112375.0,2.2329302884615383
524,Anthony Russell,Casino,1995-11-22,52000000.0,116112375.0,2.2329302884615383
524,Stuart Nisbet,Casino,1995-11-22,52000000.0,116112375.0,2.2329302884615383
524,Alfred Nittoli,Casino,1995-11-22,52000000.0,116112375.0,2.2329302884615383
4584,Kate Winslet,Sense and Sensibility,1995-12-13,16500000.0,135000000.0,8.181818181818182
4584,Emma Thompson,Sense and Sensibility,1995-12-13,16500000.0,135000000.0,8.181818181818182
4584,Hugh Grant,Sense and Sensibility,1995-12-13,16500000.0,135000000.0,8.181818181818182
4584,Tom Wilkinson,Sense and Sensibility,1995-12-13,16500000.0,135000000.0,8.181818181818182
4584,Alan Rickman,Sense and Sensibility,1995-12-13,16500000.0,135000000.0,8.181818181818182
4584,Imogen Stubbs,Sense and Sensibility,1995-12-13,16500000.0,135000000.0,8.181818181818182
4584,Greg Wise,Sense and Sensibility,1995-12-13,16500000.0,135000000.0,8.181818181818182
4584,Hugh Laurie,Sense and Sensibility,1995-12-13,16500000.0,135000000.0,8.181818181818182
4584,Imelda Staunton,Sense and Sensibility,1995-12-13,16500000.0,135000000.0,8.181818181818182
4584,Robert Hardy,Sense and Sensibility,1995-12-13,16500000.0,135000000.0,8.181818181818182
4584,Oliver Ford Davies,Sense and Sensibility,1995-12-13,16500000.0,135000000.0,8.181818181818182
4584,James Fleet,Sense and Sensibility,1995-12-13,16500000.0,135000000.0,8.181818181818182
4584,Harriet Walter,Sense and Sensibility,1995-12-13,16500000.0,135000000.0,8.181818181818182
4584,Gemma Jones,Sense and Sensibility,1995-12-13,16500000.0,135000000.0,8.181818181818182
4584,Emilie François,Sense and Sensibility,1995-12-13,16500000.0,135000000.0,8.181818181818182
4584,Elizabeth Spriggs,Sense and Sensibility,1995-12-13,16500000.0,135000000.0,8.181818181818182
4584,Richard Lumsden,Sense and Sensibility,1995-12-13,16500000.0,135000000.0,8.181818181818182
5,Tim Roth,Four Rooms,1995-12-09,4000000.0,4300000.0,1.075
5,Antonio Banderas,Four Rooms,1995-12-09,4000000.0,4300000.0,1.075
5,Jennifer Beals,Four Rooms,1995-12-09,4000000.0,4300000.0,1.075
5,Madonna,Four Rooms,1995-12-09,4000000.0,4300000.0,1.075
5,Marisa Tomei,Four Rooms,1995-12-09,4000000.0,4300000.0,1.075
5,Bruce Willis,Four Rooms,1995-12-09,4000000.0,4300000.0,1.075
5,Quentin Tarantino,Four Rooms,1995-12-09,4000000.0,4300000.0,1.075
5,Sammi Davis,Four Rooms,1995-12-09,4000000.0,4300000.0,1.075
5,Amanda de Cadenet,Four Rooms,1995-12-09,4000000.0,4300000.0,1.075
5,Valeria Golino,Four Rooms,1995-12-09,4000000.0,4300000.0,1.075
5,Lili Taylor,Four Rooms,1995-12-09,4000000.0,4300000.0,1.075
5,Lawrence Bender,Four Rooms,1995-12-09,4000000.0,4300000.0,1.075
5,Ione Skye,Four Rooms,1995-12-09,4000000.0,4300000.0,1.075
5,Alicia Witt,Four Rooms,1995-12-09,4000000.0,4300000.0,1.075
5,David Proval,Four Rooms,1995-12-09,4000000.0,4300000.0,1.075
5,Lana McKissack,Four Rooms,1995-12-09,4000000.0,4300000.0,1.075
5,Tamlyn Tomita,Four Rooms,1995-12-09,4000000.0,4300000.0,1.075
5,Kathy Griffin,Four Rooms,1995-12-09,4000000.0,4300000.0,1.075
5,Paul Calderon,Four Rooms,1995-12-09,4000000.0,4300000.0,1.075
5,Salma Hayek,Four Rooms,1995-12-09,4000000.0,4300000.0,1.075
5,Patricia Vonne,Four Rooms,1995-12-09,4000000.0,4300000.0,1.075
5,Danny Verduzco,Four Rooms,1995-12-09,4000000.0,4300000.0,1.075
5,Kimberly Blair,Four Rooms,1995-12-09,4000000.0,4300000.0,1.075
5,Marc Lawrence,Four Rooms,1995-12-09,4000000.0,4300000.0,1.075
9273,Jim Carrey,Ace Ventura: When Nature Calls,1995-11-10,30000000.0,212385533.0,7.079517766666667
9273,Ian McNeice,Ace Ventura: When Nature Calls,1995-11-10,30000000.0,212385533.0,7.079517766666667
9273,Simon Callow,Ace Ventura: When Nature Calls,1995-11-10,30000000.0,212385533.0,7.079517766666667
9273,Maynard Eziashi,Ace Ventura: When Nature Calls,1995-11-10,30000000.0,212385533.0,7.079517766666667
9273,Bob Gunton,Ace Ventura: When Nature Calls,1995-11-10,30000000.0,212385533.0,7.079517766666667
9273,Sophie Okonedo,Ace Ventura: When Nature Calls,1995-11-10,30000000.0,212385533.0,7.079517766666667
9273,Tommy Davidson,Ace Ventura: When Nature Calls,1995-11-10,30000000.0,212385533.0,7.079517766666667
9273,Adewale Akinnuoye-Agbaje,Ace Ventura: When Nature Calls,1995-11-10,30000000.0,212385533.0,7.079517766666667
9273,Danny D. Daniels,Ace Ventura: When Nature Calls,1995-11-10,30000000.0,212385533.0,7.079517766666667
9273,Sam Motoana Phillips,Ace Ventura: When Nature Calls,1995-11-10,30000000.0,212385533.0,7.079517766666667
9273,Damon Standifer,Ace Ventura: When Nature Calls,1995-11-10,30000000.0,212385533.0,7.079517766666667
9273,Andrew Steel,Ace Ventura: When Nature Calls,1995-11-10,30000000.0,212385533.0,7.079517766666667
9273,Bruce Spence,Ace Ventura: When Nature Calls,1995-11-10,30000000.0,212385533.0,7.079517766666667
9273,Tom Grunke,Ace Ventura: When Nature Calls,1995-11-10,30000000.0,212385533.0,7.079517766666667
9273,Arsenio 'Sonny' Trinidad,Ace Ventura: When Nature Calls,1995-11-10,30000000.0,212385533.0,7.079517766666667
11517,Wesley Snipes,Money Train,1995-11-21,60000000.0,35431113.0,0.59051855
11517,Woody Harrelson,Money Train,1995-11-21,60000000.0,35431113.0,0.59051855
11517,Jennifer Lopez,Money Train,1995-11-21,60000000.0,35431113.0,0.59051855
11517,Robert Blake,Money Train,1995-11-21,60000000.0,35431113.0,0.59051855
11517,Chris Cooper,Money Train,1995-11-21,60000000.0,35431113.0,0.59051855
11517,Joe Grifasi,Money Train,1995-11-21,60000000.0,35431113.0,0.59051855
11517,Scott Sowers,Money Train,1995-11-21,60000000.0,35431113.0,0.59051855
11517,Skipp Sudduth,Money Train,1995-11-21,60000000.0,35431113.0,0.59051855
11517,Aida Turturro,Money Train,1995-11-21,60000000.0,35431113.0,0.59051855
11517,Vincent Pastore,Money Train,1995-11-21,60000000.0,35431113.0,0.59051855
11517,Enrico Colantoni,Money Train,1995-11-21,60000000.0,35431113.0,0.59051855
11517,Bill Nunn,Money Train,1995-11-21,60000000.0,35431113.0,0.59051855
11517,Katie Gill,Money Train,1995-11-21,60000000.0,35431113.0,0.59051855
11517,Jeremy Roberts,Money Train,1995-11-21,60000000.0,35431113.0,0.59051855
11517,Joe Bacino,Money Train,1995-11-21,60000000.0,35431113.0,0.59051855
8012,John Travolta,Get Shorty,1995-10-20,30250000.0,115101622.0,3.805012297520661
8012,Gene Hackman,Get Shorty,1995-10-20,30250000.0,115101622.0,3.805012297520661
8012,Rene Russo,Get Shorty,1995-10-20,30250000.0,115101622.0,3.805012297520661
8012,Danny DeVito,Get Shorty,1995-10-20,30250000.0,115101622.0,3.805012297520661
8012,Dennis Farina,Get Shorty,1995-10-20,30250000.0,115101622.0,3.805012297520661
8012,Delroy Lindo,Get Shorty,1995-10-20,30250000.0,115101622.0,3.805012297520661
8012,James Gandolfini,Get Shorty,1995-10-20,30250000.0,115101622.0,3.805012297520661
8012,Jon Gries,Get Shorty,1995-10-20,30250000.0,115101622.0,3.805012297520661
8012,Renee Props,Get Shorty,1995-10-20,30250000.0,115101622.0,3.805012297520661
8012,David Paymer,Get Shorty,1995-10-20,30250000.0,115101622.0,3.805012297520661
8012,Martin Ferrero,Get Shorty,1995-10-20,30250000.0,115101622.0,3.805012297520661
8012,Miguel Sandoval,Get Shorty,1995-10-20,30250000.0,115101622.0,3.805012297520661
8012,Jacob Vargas,Get Shorty,1995-10-20,30250000.0,115101622.0,3.805012297520661
8012,Bobby Slayton,Get Shorty,1995-10-20,30250000.0,115101622.0,3.805012297520661
8012,Linda Hart,Get Shorty,1995-10-20,30250000.0,115101622.0,3.805012297520661
8012,Jeffrey J. Stephen,Get Shorty,1995-10-20,30250000.0,115101622.0,3.805012297520661
1710,Sigourney Weaver,Copycat,1995-10-27,0.0,0.0,0.0
1710,Holly Hunter,Copycat,1995-10-27,0.0,0.0,0.0
1710,Will Patton,Copycat,1995-10-27,0.0,0.0,0.0
1710,William McNamara,Copycat,1995-10-27,0.0,0.0,0.0
1710,Harry Connick Jr.,Copycat,1995-10-27,0.0,0.0,0.0
1710,J.E. Freeman,Copycat,1995-10-27,0.0,0.0,0.0
1710,Dermot Mulroney,Copycat,1995-10-27,0.0,0.0,0.0
1710,John Rothman,Copycat,1995-10-27,0.0,0.0,0.0
1710,Shannon O'Hurley,Copycat,1995-10-27,0.0,0.0,0.0
1710,Bob Greene,Copycat,1995-10-27,0.0,0.0,0.0
1710,Tony Haney,Copycat,1995-10-27,0.0,0.0,0.0
1710,Danny Kovacs,Copycat,1995-10-27,0.0,0.0,0.0
1710,Tahmus Rounds,Copycat,1995-10-27,0.0,0.0,0.0
1710,Scott Devenney,Copycat,1995-10-27,0.0,0.0,0.0
1710,David Michael Silverman,Copycat,1995-10-27,0.0,0.0,0.0
9691,Sylvester Stallone,Assassins,1995-10-06,50000000.0,30303072.0,0.60606144
9691,Antonio Banderas,Assassins,1995-10-06,50000000.0,30303072.0,0.60606144
9691,Julianne Moore,Assassins,1995-10-06,50000000.0,30303072.0,0.60606144
9691,Anatoli Davydov,Assassins,1995-10-06,50000000.0,30303072.0,0.60606144
9691,Muse Watson,Assassins,1995-10-06,50000000.0,30303072.0,0.60606144
9691,Steve Kahan,Assassins,1995-10-06,50000000.0,30303072.0,0.60606144
9691,Kelly Rowan,Assassins,1995-10-06,50000000.0,30303072.0,0.60606144
9691,Reed Diamond,Assassins,1995-10-06,50000000.0,30303072.0,0.60606144
9691,Kai Wulff,Assassins,1995-10-06,50000000.0,30303072.0,0.60606144
9691,Kerry Skalsky,Assassins,1995-10-06,50000000.0,30303072.0,0.60606144
9691,James Douglas Haskins,Assassins,1995-10-06,50000000.0,30303072.0,0.60606144
9691,Stephen Liska,Assassins,1995-10-06,50000000.0,30303072.0,0.60606144
9691,John Harms,Assassins,1995-10-06,50000000.0,30303072.0,0.60606144
9691,Edward J. Rosen,Assassins,1995-10-06,50000000.0,30303072.0,0.60606144
9691,Christina Orchid,Assassins,1995-10-06,50000000.0,30303072.0,0.60606144
9691,Choco Orta,Assassins,1995-10-06,50000000.0,30303072.0,0.60606144
9691,Germán Legarreta,Assassins,1995-10-06,50000000.0,30303072.0,0.60606144
12665,Mary Steenburgen,Powder,1995-10-27,0.0,0.0,0.0
12665,Sean Patrick Flanery,Powder,1995-10-27,0.0,0.0,0.0
12665,Lance Henriksen,Powder,1995-10-27,0.0,0.0,0.0
12665,Jeff Goldblum,Powder,1995-10-27,0.0,0.0,0.0
12665,Brandon Smith,Powder,1995-10-27,0.0,0.0,0.0
451,Nicolas Cage,Leaving Las Vegas,1995-10-27,3600000.0,49800000.0,13.833333333333334
